{
  "vuln_type": "xsrf",
  "model": "cnn_bilstm",
  "objective": "F1",
  "best_val_f2": 0.7077464788732394,
  "best_threshold": 0.85,
  "best_params": {
    "learning_rate": 0.00020914981329035596,
    "hidden_dim": 128,
    "cnn_filters": 32,
    "dropout": 0.2246844304357644,
    "batch_size": 32,
    "lstm_layers": 1
  },
  "n_trials": 5
}